Morgana,Sunners,57295964,M
Arleyne,Pickersgill,60609343,A
Fredek,Di Biaggi,62511696,F
Chaddie,Clulee,19741348,C
Godfree,Tracy,48928682,G
Sibylla,Korneev,16304376,S
Archibaldo,Norres,47907204,A
Will,Skuse,92897800,W
Janey,Michie,95321883,J
Sonnnie,Mauchline,61199141,S
Adelaida,Schulkins,17204050,A
Walther,Jovicic,94494798,W
Gigi,Rippingall,99880064,G
Darya,Daintry,46734089,D
Jerrie,Grimble,71396414,J
Byrom,Pipe,46128847,B
Felita,Halse,81621482,F
Rosene,Temporal,59988203,R
Axel,Oloshin,64553628,A
Buffy,Sale,21809870,B
Horatius,Blare,31186436,H
Aliza,Ahlin,50107907,A
Wenda,Bierman,15026540,W
Wolf,Castano,29643301,W
Marcello,Tremoulet,68305496,M
Kerry,Jagger,80615873,K
Agretha,Alasdair,73175779,A
Hernando,Takos,49369941,H
Farlay,Capoun,77469994,F
Priscella,Witch,50834089,P
Raven,Date,15597629,R
Misty,Busher,79963762,M
Giselle,Colbert,37905824,G
Rowen,Consterdine,64441496,R
Octavius,MacMaykin,30996905,O
Marven,Gierek,99337975,M
Dulcinea,Yansons,24802727,D
Bird,Turban,19381954,B
Ashbey,Ruppel,83329765,A
Cleo,Wrates,70081077,C
Massimiliano,Tysall,72933672,M
Jaymee,Piccop,43377837,J
Consalve,Gerasch,97502893,C
Davidson,Lugden,51786152,D
Yardley,Fumagalli,34015604,Y
Rhodie,O'Grady,90792545,R
Claudine,Barde,53617347,C
Phillipp,Kernan,91671509,P
Bekki,Pummell,14979714,B
Cleo,Mustin,14169765,C
Hinze,Allaway,53504235,H
Connie,Chirm,23446756,C
Georgette,Gryglewski,56153949,G
Eimile,Connal,71290346,E
Horace,Whitlock,64267350,H
Jory,Humphries,53791323,J
Rici,Macklin,74267239,R
Marijn,Freire,70127667,M
Melosa,Tankin,32037874,M
Paloma,Colhoun,50458721,P
Florance,Ballard,62185534,F
Anabal,Metterick,60002491,A
Federico,Tuvey,43061590,F
Noby,Humpage,13801028,N
Tabbitha,Horry,41242356,T
Genvieve,Ewbank,34098134,G
Witty,Jenne,84856652,W
Waring,Enterlein,15906906,W
Creigh,Cundict,39884508,C
Denice,Wasiel,24450448,D
Evaleen,McLice,38360074,E
Cassandry,Corradetti,24283725,C
Jacquie,Duetschens,19787808,J
Sibel,Stainbridge,83557178,S
Roxanne,Delouch,78517273,R
Clarisse,Curle,36202047,C
Ringo,Bolf,24477800,R
Emily,Eilert,15668357,E
Riki,Josephsen,75594027,R
Concordia,Roelofsen,96171461,C
Scarlet,Tilliards,17214706,S
Wheeler,Andrewartha,55157231,W
Aimee,Rixon,76103383,A
Matilde,O'Brallaghan,79647635,M
Kenneth,Wittleton,85734274,K
Maitilde,Shorton,15484245,M
Nelly,Jubert,96830576,N
Thibaud,Scanderet,70132605,T
Olimpia,Dedrick,45161525,O
Lorilyn,Caraher,94051688,L
Lief,Kirsche,32031366,L
Collete,Welbourn,62648120,C
Laughton,D'Errico,24957418,L
Kylie,Ovise,89219354,K
Kin,Tarpey,93487204,K
Othella,Hatliff,58096299,O
Shanna,Lealle,12132646,S
Rodina,Simper,32402530,R
Frederigo,Dewerson,35981850,F
Angie,Richemond,18152257,A
